num,before,after_train,after_eva,after_test,id,lr,delta
1,0.099,0.986,0.986,0.789,1,0.100000,0.000000
2,0.101,0.989,0.989,0.789,2,0.100000,0.000000
3,0.101,0.983,0.983,0.785,3,0.100000,0.000000
