num,before,after_train,after_eva,after_test,id,lr,delta
1,0.101,0.243,0.254,0.258,1,0.000000
2,0.101,0.300,0.310,0.318,2,0.000000
3,0.100,0.252,0.261,0.268,3,0.000000
4,0.101,0.257,0.269,0.270,4,0.000000
