num,before,after_train,after_eva,after_test,id,lr,delta
1,0.100,0.211,0.199,0.199,1,0.100000,0.000000
2,0.101,0.181,0.176,0.178,2,0.100000,0.000000
3,0.102,0.182,0.184,0.181,3,0.100000,0.000000
4,0.101,0.100,0.101,0.100,4,0.100000,0.000000
5,0.095,0.614,0.580,0.572,5,0.100000,0.000000
