num,before,after_train,after_eva,after_test,id,lr,delta
1,0.097,0.117,0.111,0.118,1,0.010000
2,0.102,0.107,0.105,0.113,2,0.010000
3,0.098,0.123,0.126,0.124,3,0.010000
4,0.102,0.104,0.104,0.106,4,0.010000
1,0.101,0.094,0.098,0.101,3,0.010000
