num,before,after_eva,after_test,id,lr,delta
1,0.102,0.120,0.117,1,0.100000,0.000000
2,0.102,0.115,0.114,2,0.100000,0.000000
3,0.101,0.100,0.099,3,0.100000,0.000000
4,0.105,0.205,0.208,4,0.100000,0.000000
5,0.099,0.171,0.168,5,0.100000,0.000000
6,0.102,0.126,0.123,6,0.100000,0.000000
