num,before,after_train,after_eva,after_test,id,lr,delta
1,0.098,0.356,0.394,0.402,1,0.100000
2,0.095,0.364,0.391,0.389,2,0.100000
3,0.095,0.371,0.389,0.398,3,0.100000
