num,before,after_train,after_eva,after_test,id,lr,delta
1,0.100,0.101,0.102,0.101,1,0.100000
2,0.102,0.113,0.113,0.112,2,0.100000
1,0.138,0.203,0.198,0.203,2,0.100000
2,0.103,0.132,0.153,0.147,1,0.100000
1,0.169,0.269,0.306,0.311,2,0.100000
2,0.191,0.264,0.280,0.270,1,0.100000
1,0.239,0.527,0.567,0.561,2,0.100000
2,0.220,0.318,0.338,0.341,1,0.100000
