num,before,after_eva,after_test,id,lr,delta
1,0.101,0.152,0.152,1,0.010000,0.000000
2,0.099,0.197,0.201,2,0.010000,0.000000
3,0.099,0.194,0.195,3,0.010000,0.000000
4,0.104,0.209,0.206,4,0.010000,0.000000
5,0.104,0.209,0.211,5,0.010000,0.000000
6,0.101,0.141,0.141,6,0.010000,0.000000
7,0.102,0.255,0.254,7,0.010000,0.000000
8,0.101,0.153,0.152,8,0.010000,0.000000
1,0.100,0.212,0.214,7,0.010000,0.000000
2,0.098,0.154,0.153,5,0.010000,0.000000
