num,before,after_train,after_eva,after_test,id,lr,delta
1,0.102,0.897,0.866,0.862,1,0.000100,0.000000
2,0.101,0.894,0.868,0.865,2,0.000100,0.000000
