id,epoch,eva,test,lr
9, 0.914, 0.010000
9, 0.940, 0.000000
9, 0.941, 0.000100
